"episode_no","slug","title","source_book","source_chapter","source_verses_or_boundary","original_summary_seed","must_include","must_avoid","start_boundary","end_boundary","age_range","age_sensitivity","devotional_theme","suggested_activity_category","package_type","enabled"
"001","the-earth-prays-for-krishna","The Earth Prays for Krishna to Come","Krishna Book","1","Opening through Brahma receiving the Lord's message","Bhumi takes the form of a cow and seeks Brahma's help; at the Ocean of Milk, Brahma receives the Lord's promise within his heart.","Bhumi as cow|Brahma|Ocean of Milk|message in Brahma's heart|son of Vasudeva","direct quote promising Vrindavana birth|wedding|later events","Bhumi approaches Brahma","Brahma receives the Lord's message","6-12","gentle","prayer and hope","PRAYER_OR_GRATITUDE_CRAFT","bedtime_story","true"
"002","devaki-and-vasudeva-wedding","The Wedding and the Heavenly Voice","Krishna Book","1","SB 10.1.27-55","Devaki marries Vasudeva; her brother Kamsa drives their chariot, hears the warning about her eighth child, and is calmed by Vasudeva's truthful promise.","Kamsa brother of Devaki|son of Ugrasena|chariot driver|eighth child|Vasudeva protects Devaki","first son born|Narada warning|imprisonment","Wedding procession begins","Vasudeva makes his promise","6-12","gentle tension","calm truthfulness","CUT_AND_BUILD","bedtime_story","true"
"003","vasudeva-keeps-his-word","Vasudeva Keeps His Word","Krishna Book","1","SB 10.1.56-61","Devaki's first son is born, and Vasudeva keeps his difficult promise by bringing the child to Kamsa, who is astonished and initially returns him.","first son born|Vasudeva truthfulness|child brought to Kamsa|child initially returned","wedding retelling|Narada warning|imprisonment|six sons|Krishna birth","Birth of first son","Kamsa initially returns child","6-12","gentle tension","truthfulness and duty","FAMILY_MISSION","bedtime_story","true"
"004","narada-warns-kamsa","Narada's Warning and Kamsa's Decision","Krishna Book","1","SB 10.1.62-69","Narada warns Kamsa that the divine plan is unfolding, and fearful Kamsa imprisons Devaki and Vasudeva while taking power from Ugrasena.","Narada warning|Kamsa fear|imprisonment|Ugrasena displaced","wedding retelling|first child episode|six sons|Krishna birth","Narada approaches Kamsa","Devaki and Vasudeva imprisoned","6-12","sensitive imprisonment","seeking courage","QUICK_DISCUSSION","bedtime_story","true"
"005","prayers-by-the-demigods-for-lord-krishna-in-the-womb","Prayers by the Demigods for Lord Krishna in the Womb","Krishna Book","2","Complete Krishna Book Chapter 2","This source-bounded episode follows Prayers by the Demigods for Lord Krishna in the Womb and presents its central turning point with child-safe clarity, chronological fidelity, and a devotional focus.","central event of Chapter 2|chronological source boundary|devotional lesson","full source quotation|material from Chapter 1|material from Chapter 3","Opening of Krishna Book Chapter 2","Conclusion of Krishna Book Chapter 2","6-12","standard","Krishna's protection wisdom and loving relationships","STORY_SEQUENCE","bedtime_story","true"
"006","the-birth-of-lord-krishna","The Birth of Lord Krishna","Krishna Book","3","Complete Krishna Book Chapter 3","This source-bounded episode follows The Birth of Lord Krishna and presents its central turning point with child-safe clarity, chronological fidelity, and a devotional focus.","central event of Chapter 3|chronological source boundary|devotional lesson","full source quotation|material from Chapter 2|material from Chapter 4","Opening of Krishna Book Chapter 3","Conclusion of Krishna Book Chapter 3","6-12","standard","Krishna's protection wisdom and loving relationships","MINI_DRAMA","bedtime_story","true"
"007","kamsa-begins-his-persecutions","Kamsa Begins His Persecutions","Krishna Book","4","Complete Krishna Book Chapter 4","This source-bounded episode follows Kamsa Begins His Persecutions and presents its central turning point with child-safe clarity, chronological fidelity, and a devotional focus.","central event of Chapter 4|chronological source boundary|devotional lesson","full source quotation|material from Chapter 3|material from Chapter 5","Opening of Krishna Book Chapter 4","Conclusion of Krishna Book Chapter 4","6-12","gentle child adaptation required","Krishna's protection wisdom and loving relationships","MATCHING_GAME","bedtime_story","true"
"008","the-meeting-of-nanda-and-vasudeva","The Meeting of Nanda and Vasudeva","Krishna Book","5","Complete Krishna Book Chapter 5","This source-bounded episode follows The Meeting of Nanda and Vasudeva and presents its central turning point with child-safe clarity, chronological fidelity, and a devotional focus.","central event of Chapter 5|chronological source boundary|devotional lesson","full source quotation|material from Chapter 4|material from Chapter 6","Opening of Krishna Book Chapter 5","Conclusion of Krishna Book Chapter 5","6-12","standard","Krishna's protection wisdom and loving relationships","STORY_MAP","bedtime_story","true"
"009","baby-krishna-protects-gokula","Baby Krishna Protects Gokula","Krishna Book","6","Complete Krishna Book Chapter 6","This source-bounded episode follows Putana Killed and presents its central turning point with child-safe clarity, chronological fidelity, and a devotional focus.","central event of Chapter 6|chronological source boundary|devotional lesson","full source quotation|material from Chapter 5|material from Chapter 7","Opening of Krishna Book Chapter 6","Conclusion of Krishna Book Chapter 6","6-12","gentle child adaptation required","Krishna's protection wisdom and loving relationships","FAMILY_MISSION","bedtime_story","true"
"010","the-salvation-of-trinavarta","The Salvation of Trinavarta","Krishna Book","7","Complete Krishna Book Chapter 7","This source-bounded episode follows The Salvation of Trinavarta and presents its central turning point with child-safe clarity, chronological fidelity, and a devotional focus.","central event of Chapter 7|chronological source boundary|devotional lesson","full source quotation|material from Chapter 6|material from Chapter 8","Opening of Krishna Book Chapter 7","Conclusion of Krishna Book Chapter 7","6-12","standard","Krishna's protection wisdom and loving relationships","DRAW_AND_REFLECT","bedtime_story","true"
"011","vision-of-the-universal-form","Vision of the Universal Form","Krishna Book","8","Complete Krishna Book Chapter 8","This source-bounded episode follows Vision of the Universal Form and presents its central turning point with child-safe clarity, chronological fidelity, and a devotional focus.","central event of Chapter 8|chronological source boundary|devotional lesson","full source quotation|material from Chapter 7|material from Chapter 9","Opening of Krishna Book Chapter 8","Conclusion of Krishna Book Chapter 8","6-12","standard","Krishna's protection wisdom and loving relationships","STORY_SEQUENCE","bedtime_story","true"
"012","mother-yasoda-binds-lord-krishna","Mother Yasoda Binds Lord Krishna","Krishna Book","9","Complete Krishna Book Chapter 9","This source-bounded episode follows Mother Yasoda Binds Lord Krishna and presents its central turning point with child-safe clarity, chronological fidelity, and a devotional focus.","central event of Chapter 9|chronological source boundary|devotional lesson","full source quotation|material from Chapter 8|material from Chapter 10","Opening of Krishna Book Chapter 9","Conclusion of Krishna Book Chapter 9","6-12","standard","Krishna's protection wisdom and loving relationships","MINI_DRAMA","bedtime_story","true"
"013","the-deliverance-of-nalakuvara-and-manigriva","The Deliverance of Nalakuvara and Manigriva","Krishna Book","10","Complete Krishna Book Chapter 10","This source-bounded episode follows The Deliverance of Nalakuvara and Manigriva and presents its central turning point with child-safe clarity, chronological fidelity, and a devotional focus.","central event of Chapter 10|chronological source boundary|devotional lesson","full source quotation|material from Chapter 9|material from Chapter 11","Opening of Krishna Book Chapter 10","Conclusion of Krishna Book Chapter 10","6-12","standard","Krishna's protection wisdom and loving relationships","MATCHING_GAME","bedtime_story","true"
"014","krishna-protects-the-calves-from-vatsasura-and-bakasura","Krishna Protects the Calves from Vatsasura and Bakasura","Krishna Book","11","Complete Krishna Book Chapter 11","This source-bounded episode follows Killing the Demons Vatsasura and Bakasura and presents its central turning point with child-safe clarity, chronological fidelity, and a devotional focus.","central event of Chapter 11|chronological source boundary|devotional lesson","full source quotation|material from Chapter 10|material from Chapter 12","Opening of Krishna Book Chapter 11","Conclusion of Krishna Book Chapter 11","6-12","gentle child adaptation required","Krishna's protection wisdom and loving relationships","STORY_MAP","bedtime_story","true"
"015","krishna-protects-everyone-from-the-aghasura-demon","Krishna Protects Everyone from the Aghasura Demon","Krishna Book","12","Complete Krishna Book Chapter 12","This source-bounded episode follows The Killing of the Aghasura Demon and presents its central turning point with child-safe clarity, chronological fidelity, and a devotional focus.","central event of Chapter 12|chronological source boundary|devotional lesson","full source quotation|material from Chapter 11|material from Chapter 13","Opening of Krishna Book Chapter 12","Conclusion of Krishna Book Chapter 12","6-12","gentle child adaptation required","Krishna's protection wisdom and loving relationships","FAMILY_MISSION","bedtime_story","true"
"016","the-stealing-of-the-boys-and-calves-by-brahma","The Stealing of the Boys and Calves by Brahma","Krishna Book","13","Complete Krishna Book Chapter 13","This source-bounded episode follows The Stealing of the Boys and Calves by Brahma and presents its central turning point with child-safe clarity, chronological fidelity, and a devotional focus.","central event of Chapter 13|chronological source boundary|devotional lesson","full source quotation|material from Chapter 12|material from Chapter 14","Opening of Krishna Book Chapter 13","Conclusion of Krishna Book Chapter 13","6-12","gentle child adaptation required","Krishna's protection wisdom and loving relationships","DRAW_AND_REFLECT","bedtime_story","true"
"017","prayers-offered-by-lord-brahma-to-lord-krishna","Prayers Offered by Lord Brahma to Lord Krishna","Krishna Book","14","Complete Krishna Book Chapter 14","This source-bounded episode follows Prayers Offered by Lord Brahma to Lord Krishna and presents its central turning point with child-safe clarity, chronological fidelity, and a devotional focus.","central event of Chapter 14|chronological source boundary|devotional lesson","full source quotation|material from Chapter 13|material from Chapter 15","Opening of Krishna Book Chapter 14","Conclusion of Krishna Book Chapter 14","6-12","standard","Krishna's protection wisdom and loving relationships","STORY_SEQUENCE","bedtime_story","true"
"018","krishna-protects-everyone-from-dhenukasura","Krishna Protects Everyone from Dhenukasura","Krishna Book","15","Complete Krishna Book Chapter 15","This source-bounded episode follows The Killing of Dhenukasura and presents its central turning point with child-safe clarity, chronological fidelity, and a devotional focus.","central event of Chapter 15|chronological source boundary|devotional lesson","full source quotation|material from Chapter 14|material from Chapter 16","Opening of Krishna Book Chapter 15","Conclusion of Krishna Book Chapter 15","6-12","gentle child adaptation required","Krishna's protection wisdom and loving relationships","MINI_DRAMA","bedtime_story","true"
"019","subduing-kaliya","Subduing Kaliya","Krishna Book","16","Complete Krishna Book Chapter 16","This source-bounded episode follows Subduing Kaliya and presents its central turning point with child-safe clarity, chronological fidelity, and a devotional focus.","central event of Chapter 16|chronological source boundary|devotional lesson","full source quotation|material from Chapter 15|material from Chapter 17","Opening of Krishna Book Chapter 16","Conclusion of Krishna Book Chapter 16","6-12","standard","Krishna's protection wisdom and loving relationships","MATCHING_GAME","bedtime_story","true"
"020","extinguishing-the-forest-fire","Extinguishing the Forest Fire","Krishna Book","17","Complete Krishna Book Chapter 17","This source-bounded episode follows Extinguishing the Forest Fire and presents its central turning point with child-safe clarity, chronological fidelity, and a devotional focus.","central event of Chapter 17|chronological source boundary|devotional lesson","full source quotation|material from Chapter 16|material from Chapter 18","Opening of Krishna Book Chapter 17","Conclusion of Krishna Book Chapter 17","6-12","standard","Krishna's protection wisdom and loving relationships","STORY_MAP","bedtime_story","true"
"021","balarama-protects-his-friends-from-pralambasura","Balarama Protects His Friends from Pralambasura","Krishna Book","18","Complete Krishna Book Chapter 18","This source-bounded episode follows Killing the Demon Pralambasura and presents its central turning point with child-safe clarity, chronological fidelity, and a devotional focus.","central event of Chapter 18|chronological source boundary|devotional lesson","full source quotation|material from Chapter 17|material from Chapter 19","Opening of Krishna Book Chapter 18","Conclusion of Krishna Book Chapter 18","6-12","gentle child adaptation required","Krishna's protection wisdom and loving relationships","FAMILY_MISSION","bedtime_story","true"
"022","devouring-the-forest-fire","Devouring the Forest Fire","Krishna Book","19","Complete Krishna Book Chapter 19","This source-bounded episode follows Devouring the Forest Fire and presents its central turning point with child-safe clarity, chronological fidelity, and a devotional focus.","central event of Chapter 19|chronological source boundary|devotional lesson","full source quotation|material from Chapter 18|material from Chapter 20","Opening of Krishna Book Chapter 19","Conclusion of Krishna Book Chapter 19","6-12","standard","Krishna's protection wisdom and loving relationships","DRAW_AND_REFLECT","bedtime_story","true"
"023","description-of-autumn","Description of Autumn","Krishna Book","20","Complete Krishna Book Chapter 20","This source-bounded episode follows Description of Autumn and presents its central turning point with child-safe clarity, chronological fidelity, and a devotional focus.","central event of Chapter 20|chronological source boundary|devotional lesson","full source quotation|material from Chapter 19|material from Chapter 21","Opening of Krishna Book Chapter 20","Conclusion of Krishna Book Chapter 20","6-12","standard","Krishna's protection wisdom and loving relationships","STORY_SEQUENCE","bedtime_story","true"
"024","the-gopis-attracted-by-the-flute","The Gopis Attracted by the Flute","Krishna Book","21","Complete Krishna Book Chapter 21","This source-bounded episode follows The Gopis Attracted by the Flute and presents its central turning point with child-safe clarity, chronological fidelity, and a devotional focus.","central event of Chapter 21|chronological source boundary|devotional lesson","full source quotation|material from Chapter 20|material from Chapter 22","Opening of Krishna Book Chapter 21","Conclusion of Krishna Book Chapter 21","6-12","standard","Krishna's protection wisdom and loving relationships","MINI_DRAMA","bedtime_story","true"
"025","stealing-the-garments-of-the-unmarried-gopi-girls","Stealing the Garments of the Unmarried Gopi Girls","Krishna Book","22","Complete Krishna Book Chapter 22","This source-bounded episode follows Stealing the Garments of the Unmarried Gopi Girls and presents its central turning point with child-safe clarity, chronological fidelity, and a devotional focus.","central event of Chapter 22|chronological source boundary|devotional lesson","full source quotation|material from Chapter 21|material from Chapter 23","Opening of Krishna Book Chapter 22","Conclusion of Krishna Book Chapter 22","6-12","gentle child adaptation required","Krishna's protection wisdom and loving relationships","MATCHING_GAME","bedtime_story","true"
"026","delivering-the-wives-of-the-brahmanas-who-performed-sacrifices","Delivering the Wives of the Brahmanas Who Performed Sacrifices","Krishna Book","23","Complete Krishna Book Chapter 23","This source-bounded episode follows Delivering the Wives of the Brahmanas Who Performed Sacrifices and presents its central turning point with child-safe clarity, chronological fidelity, and a devotional focus.","central event of Chapter 23|chronological source boundary|devotional lesson","full source quotation|material from Chapter 22|material from Chapter 24","Opening of Krishna Book Chapter 23","Conclusion of Krishna Book Chapter 23","6-12","standard","Krishna's protection wisdom and loving relationships","STORY_MAP","bedtime_story","true"
"027","worshiping-govardhana-hill","Worshiping Govardhana Hill","Krishna Book","24","Complete Krishna Book Chapter 24","This source-bounded episode follows Worshiping Govardhana Hill and presents its central turning point with child-safe clarity, chronological fidelity, and a devotional focus.","central event of Chapter 24|chronological source boundary|devotional lesson","full source quotation|material from Chapter 23|material from Chapter 25","Opening of Krishna Book Chapter 24","Conclusion of Krishna Book Chapter 24","6-12","standard","Krishna's protection wisdom and loving relationships","FAMILY_MISSION","bedtime_story","true"
"028","devastating-rainfall-in-vrindavana","Devastating Rainfall in Vrindavana","Krishna Book","25","Complete Krishna Book Chapter 25","This source-bounded episode follows Devastating Rainfall in Vrindavana and presents its central turning point with child-safe clarity, chronological fidelity, and a devotional focus.","central event of Chapter 25|chronological source boundary|devotional lesson","full source quotation|material from Chapter 24|material from Chapter 26","Opening of Krishna Book Chapter 25","Conclusion of Krishna Book Chapter 25","6-12","standard","Krishna's protection wisdom and loving relationships","DRAW_AND_REFLECT","bedtime_story","true"
"029","wonderful-krishna","Wonderful Krishna","Krishna Book","26","Complete Krishna Book Chapter 26","This source-bounded episode follows Wonderful Krishna and presents its central turning point with child-safe clarity, chronological fidelity, and a devotional focus.","central event of Chapter 26|chronological source boundary|devotional lesson","full source quotation|material from Chapter 25|material from Chapter 27","Opening of Krishna Book Chapter 26","Conclusion of Krishna Book Chapter 26","6-12","standard","Krishna's protection wisdom and loving relationships","STORY_SEQUENCE","bedtime_story","true"
"030","prayers-by-indra-the-king-of-heaven","Prayers by Indra, the King of Heaven","Krishna Book","27","Complete Krishna Book Chapter 27","This source-bounded episode follows Prayers by Indra, the King of Heaven and presents its central turning point with child-safe clarity, chronological fidelity, and a devotional focus.","central event of Chapter 27|chronological source boundary|devotional lesson","full source quotation|material from Chapter 26|material from Chapter 28","Opening of Krishna Book Chapter 27","Conclusion of Krishna Book Chapter 27","6-12","standard","Krishna's protection wisdom and loving relationships","MINI_DRAMA","bedtime_story","true"
"031","releasing-nanda-maharaja-from-the-clutches-of-varuna","Releasing Nanda Maharaja from the Clutches of Varuna","Krishna Book","28","Complete Krishna Book Chapter 28","This source-bounded episode follows Releasing Nanda Maharaja from the Clutches of Varuna and presents its central turning point with child-safe clarity, chronological fidelity, and a devotional focus.","central event of Chapter 28|chronological source boundary|devotional lesson","full source quotation|material from Chapter 27|material from Chapter 29","Opening of Krishna Book Chapter 28","Conclusion of Krishna Book Chapter 28","6-12","standard","Krishna's protection wisdom and loving relationships","MATCHING_GAME","bedtime_story","true"
"032","the-rasa-dance-introduction","The Rasa Dance: Introduction","Krishna Book","29","Complete Krishna Book Chapter 29","This source-bounded episode follows The Rasa Dance: Introduction and presents its central turning point with child-safe clarity, chronological fidelity, and a devotional focus.","central event of Chapter 29|chronological source boundary|devotional lesson","full source quotation|material from Chapter 28|material from Chapter 30","Opening of Krishna Book Chapter 29","Conclusion of Krishna Book Chapter 29","6-12","gentle child adaptation required","Krishna's protection wisdom and loving relationships","STORY_MAP","bedtime_story","true"
"033","krishna-s-hiding-from-the-gopis","Krishna's Hiding from the Gopis","Krishna Book","30","Complete Krishna Book Chapter 30","This source-bounded episode follows Krishna's Hiding from the Gopis and presents its central turning point with child-safe clarity, chronological fidelity, and a devotional focus.","central event of Chapter 30|chronological source boundary|devotional lesson","full source quotation|material from Chapter 29|material from Chapter 31","Opening of Krishna Book Chapter 30","Conclusion of Krishna Book Chapter 30","6-12","standard","Krishna's protection wisdom and loving relationships","FAMILY_MISSION","bedtime_story","true"
"034","songs-by-the-gopis","Songs by the Gopis","Krishna Book","31","Complete Krishna Book Chapter 31","This source-bounded episode follows Songs by the Gopis and presents its central turning point with child-safe clarity, chronological fidelity, and a devotional focus.","central event of Chapter 31|chronological source boundary|devotional lesson","full source quotation|material from Chapter 30|material from Chapter 32","Opening of Krishna Book Chapter 31","Conclusion of Krishna Book Chapter 31","6-12","standard","Krishna's protection wisdom and loving relationships","DRAW_AND_REFLECT","bedtime_story","true"
"035","krishna-returns-to-the-gopis","Krishna Returns to the Gopis","Krishna Book","32","Complete Krishna Book Chapter 32","This source-bounded episode follows Krishna Returns to the Gopis and presents its central turning point with child-safe clarity, chronological fidelity, and a devotional focus.","central event of Chapter 32|chronological source boundary|devotional lesson","full source quotation|material from Chapter 31|material from Chapter 33","Opening of Krishna Book Chapter 32","Conclusion of Krishna Book Chapter 32","6-12","standard","Krishna's protection wisdom and loving relationships","STORY_SEQUENCE","bedtime_story","true"
"036","description-of-the-rasa-dance","Description of the Rasa Dance","Krishna Book","33","Complete Krishna Book Chapter 33","This source-bounded episode follows Description of the Rasa Dance and presents its central turning point with child-safe clarity, chronological fidelity, and a devotional focus.","central event of Chapter 33|chronological source boundary|devotional lesson","full source quotation|material from Chapter 32|material from Chapter 34","Opening of Krishna Book Chapter 33","Conclusion of Krishna Book Chapter 33","6-12","gentle child adaptation required","Krishna's protection wisdom and loving relationships","MINI_DRAMA","bedtime_story","true"
"037","vidyadhara-liberated-and-the-demon-sankhacuda-and-krishna-s-protection","Vidyadhara Liberated and the Demon Sankhacuda and Krishna's Protection","Krishna Book","34","Complete Krishna Book Chapter 34","This source-bounded episode follows Vidyadhara Liberated and the Demon Sankhacuda Killed and presents its central turning point with child-safe clarity, chronological fidelity, and a devotional focus.","central event of Chapter 34|chronological source boundary|devotional lesson","full source quotation|material from Chapter 33|material from Chapter 35","Opening of Krishna Book Chapter 34","Conclusion of Krishna Book Chapter 34","6-12","gentle child adaptation required","Krishna's protection wisdom and loving relationships","MATCHING_GAME","bedtime_story","true"
"038","the-gopis-feelings-of-separation","The Gopis' Feelings of Separation","Krishna Book","35","Complete Krishna Book Chapter 35","This source-bounded episode follows The Gopis' Feelings of Separation and presents its central turning point with child-safe clarity, chronological fidelity, and a devotional focus.","central event of Chapter 35|chronological source boundary|devotional lesson","full source quotation|material from Chapter 34|material from Chapter 36","Opening of Krishna Book Chapter 35","Conclusion of Krishna Book Chapter 35","6-12","gentle child adaptation required","Krishna's protection wisdom and loving relationships","STORY_MAP","bedtime_story","true"
"039","kamsa-sends-akrura-for-krishna","Kamsa Sends Akrura for Krishna","Krishna Book","36","Complete Krishna Book Chapter 36","This source-bounded episode follows Kamsa Sends Akrura for Krishna and presents its central turning point with child-safe clarity, chronological fidelity, and a devotional focus.","central event of Chapter 36|chronological source boundary|devotional lesson","full source quotation|material from Chapter 35|material from Chapter 37","Opening of Krishna Book Chapter 36","Conclusion of Krishna Book Chapter 36","6-12","standard","Krishna's protection wisdom and loving relationships","FAMILY_MISSION","bedtime_story","true"
"040","krishna-protects-vrindavana-from-kesi-and-vyomasura","Krishna Protects Vrindavana from Kesi and Vyomasura","Krishna Book","37","Complete Krishna Book Chapter 37","This source-bounded episode follows Killing the Kesi Demon and Vyomasura and presents its central turning point with child-safe clarity, chronological fidelity, and a devotional focus.","central event of Chapter 37|chronological source boundary|devotional lesson","full source quotation|material from Chapter 36|material from Chapter 38","Opening of Krishna Book Chapter 37","Conclusion of Krishna Book Chapter 37","6-12","gentle child adaptation required","Krishna's protection wisdom and loving relationships","DRAW_AND_REFLECT","bedtime_story","true"
"041","akrura-s-arrival-in-vrindavana","Akrura's Arrival in Vrindavana","Krishna Book","38","Complete Krishna Book Chapter 38","This source-bounded episode follows Akrura's Arrival in Vrindavana and presents its central turning point with child-safe clarity, chronological fidelity, and a devotional focus.","central event of Chapter 38|chronological source boundary|devotional lesson","full source quotation|material from Chapter 37|material from Chapter 39","Opening of Krishna Book Chapter 38","Conclusion of Krishna Book Chapter 38","6-12","standard","Krishna's protection wisdom and loving relationships","STORY_SEQUENCE","bedtime_story","true"
"042","akrura-s-return-journey-and-his-vision-of-visnuloka-within-the-yamuna-","Akrura's Return Journey and His Vision of Visnuloka Within the Yamuna River","Krishna Book","39","Complete Krishna Book Chapter 39","This source-bounded episode follows Akrura's Return Journey and His Vision of Visnuloka Within the Yamuna River and presents its central turning point with child-safe clarity, chronological fidelity, and a devotional focus.","central event of Chapter 39|chronological source boundary|devotional lesson","full source quotation|material from Chapter 38|material from Chapter 40","Opening of Krishna Book Chapter 39","Conclusion of Krishna Book Chapter 39","6-12","standard","Krishna's protection wisdom and loving relationships","MINI_DRAMA","bedtime_story","true"
"043","prayers-by-akrura","Prayers by Akrura","Krishna Book","40","Complete Krishna Book Chapter 40","This source-bounded episode follows Prayers by Akrura and presents its central turning point with child-safe clarity, chronological fidelity, and a devotional focus.","central event of Chapter 40|chronological source boundary|devotional lesson","full source quotation|material from Chapter 39|material from Chapter 41","Opening of Krishna Book Chapter 40","Conclusion of Krishna Book Chapter 40","6-12","standard","Krishna's protection wisdom and loving relationships","MATCHING_GAME","bedtime_story","true"
"044","krishna-enters-mathura","Krishna Enters Mathura","Krishna Book","41","Complete Krishna Book Chapter 41","This source-bounded episode follows Krishna Enters Mathura and presents its central turning point with child-safe clarity, chronological fidelity, and a devotional focus.","central event of Chapter 41|chronological source boundary|devotional lesson","full source quotation|material from Chapter 40|material from Chapter 42","Opening of Krishna Book Chapter 41","Conclusion of Krishna Book Chapter 41","6-12","standard","Krishna's protection wisdom and loving relationships","STORY_MAP","bedtime_story","true"
"045","the-breaking-of-the-bow-in-the-sacrificial-arena","The Breaking of the Bow in the Sacrificial Arena","Krishna Book","42","Complete Krishna Book Chapter 42","This source-bounded episode follows The Breaking of the Bow in the Sacrificial Arena and presents its central turning point with child-safe clarity, chronological fidelity, and a devotional focus.","central event of Chapter 42|chronological source boundary|devotional lesson","full source quotation|material from Chapter 41|material from Chapter 43","Opening of Krishna Book Chapter 42","Conclusion of Krishna Book Chapter 42","6-12","standard","Krishna's protection wisdom and loving relationships","FAMILY_MISSION","bedtime_story","true"
"046","krishna-protects-everyone-from-the-elephant-kuvalayapida","Krishna Protects Everyone from the Elephant Kuvalayapida","Krishna Book","43","Complete Krishna Book Chapter 43","This source-bounded episode follows The Killing of the Elephant Kuvalayapida and presents its central turning point with child-safe clarity, chronological fidelity, and a devotional focus.","central event of Chapter 43|chronological source boundary|devotional lesson","full source quotation|material from Chapter 42|material from Chapter 44","Opening of Krishna Book Chapter 43","Conclusion of Krishna Book Chapter 43","6-12","gentle child adaptation required","Krishna's protection wisdom and loving relationships","DRAW_AND_REFLECT","bedtime_story","true"
"047","krishna-protects-everyone-from-kamsa","Krishna Protects Everyone from Kamsa","Krishna Book","44","Complete Krishna Book Chapter 44","This source-bounded episode follows The Killing of Kamsa and presents its central turning point with child-safe clarity, chronological fidelity, and a devotional focus.","central event of Chapter 44|chronological source boundary|devotional lesson","full source quotation|material from Chapter 43|material from Chapter 45","Opening of Krishna Book Chapter 44","Conclusion of Krishna Book Chapter 44","6-12","gentle child adaptation required","Krishna's protection wisdom and loving relationships","STORY_SEQUENCE","bedtime_story","true"
"048","krishna-recovers-the-son-of-his-teacher","Krishna Recovers the Son of His Teacher","Krishna Book","45","Complete Krishna Book Chapter 45","This source-bounded episode follows Krishna Recovers the Son of His Teacher and presents its central turning point with child-safe clarity, chronological fidelity, and a devotional focus.","central event of Chapter 45|chronological source boundary|devotional lesson","full source quotation|material from Chapter 44|material from Chapter 46","Opening of Krishna Book Chapter 45","Conclusion of Krishna Book Chapter 45","6-12","standard","Krishna's protection wisdom and loving relationships","MINI_DRAMA","bedtime_story","true"
"049","uddhava-visits-vrindavana","Uddhava Visits Vrindavana","Krishna Book","46","Complete Krishna Book Chapter 46","This source-bounded episode follows Uddhava Visits Vrindavana and presents its central turning point with child-safe clarity, chronological fidelity, and a devotional focus.","central event of Chapter 46|chronological source boundary|devotional lesson","full source quotation|material from Chapter 45|material from Chapter 47","Opening of Krishna Book Chapter 46","Conclusion of Krishna Book Chapter 46","6-12","standard","Krishna's protection wisdom and loving relationships","MATCHING_GAME","bedtime_story","true"
"050","delivery-of-the-message-of-krishna-to-the-gopis","Delivery of the Message of Krishna to the Gopis","Krishna Book","47","Complete Krishna Book Chapter 47","This source-bounded episode follows Delivery of the Message of Krishna to the Gopis and presents its central turning point with child-safe clarity, chronological fidelity, and a devotional focus.","central event of Chapter 47|chronological source boundary|devotional lesson","full source quotation|material from Chapter 46|material from Chapter 48","Opening of Krishna Book Chapter 47","Conclusion of Krishna Book Chapter 47","6-12","standard","Krishna's protection wisdom and loving relationships","STORY_MAP","bedtime_story","true"
"051","krishna-pleases-his-devotees","Krishna Pleases His Devotees","Krishna Book","48","Complete Krishna Book Chapter 48","This source-bounded episode follows Krishna Pleases His Devotees and presents its central turning point with child-safe clarity, chronological fidelity, and a devotional focus.","central event of Chapter 48|chronological source boundary|devotional lesson","full source quotation|material from Chapter 47|material from Chapter 49","Opening of Krishna Book Chapter 48","Conclusion of Krishna Book Chapter 48","6-12","standard","Krishna's protection wisdom and loving relationships","FAMILY_MISSION","bedtime_story","true"
"052","ill-motivated-dhrtarastra","Ill-motivated Dhrtarastra","Krishna Book","49","Complete Krishna Book Chapter 49","This source-bounded episode follows Ill-motivated Dhrtarastra and presents its central turning point with child-safe clarity, chronological fidelity, and a devotional focus.","central event of Chapter 49|chronological source boundary|devotional lesson","full source quotation|material from Chapter 48|material from Chapter 50","Opening of Krishna Book Chapter 49","Conclusion of Krishna Book Chapter 49","6-12","standard","Krishna's protection wisdom and loving relationships","DRAW_AND_REFLECT","bedtime_story","true"
"053","krishna-erects-the-dvaraka-fort","Krishna Erects the Dvaraka Fort","Krishna Book","50","Complete Krishna Book Chapter 50","This source-bounded episode follows Krishna Erects the Dvaraka Fort and presents its central turning point with child-safe clarity, chronological fidelity, and a devotional focus.","central event of Chapter 50|chronological source boundary|devotional lesson","full source quotation|material from Chapter 49|material from Chapter 51","Opening of Krishna Book Chapter 50","Conclusion of Krishna Book Chapter 50","6-12","standard","Krishna's protection wisdom and loving relationships","STORY_SEQUENCE","bedtime_story","true"
"054","the-deliverance-of-mucukunda","The Deliverance of Mucukunda","Krishna Book","51","Complete Krishna Book Chapter 51","This source-bounded episode follows The Deliverance of Mucukunda and presents its central turning point with child-safe clarity, chronological fidelity, and a devotional focus.","central event of Chapter 51|chronological source boundary|devotional lesson","full source quotation|material from Chapter 50|material from Chapter 52","Opening of Krishna Book Chapter 51","Conclusion of Krishna Book Chapter 51","6-12","standard","Krishna's protection wisdom and loving relationships","MINI_DRAMA","bedtime_story","true"
"055","krishna-the-ranacora","Krishna, the Ranacora","Krishna Book","52","Complete Krishna Book Chapter 52","This source-bounded episode follows Krishna, the Ranacora and presents its central turning point with child-safe clarity, chronological fidelity, and a devotional focus.","central event of Chapter 52|chronological source boundary|devotional lesson","full source quotation|material from Chapter 51|material from Chapter 53","Opening of Krishna Book Chapter 52","Conclusion of Krishna Book Chapter 52","6-12","standard","Krishna's protection wisdom and loving relationships","MATCHING_GAME","bedtime_story","true"
"056","krishna-kidnaps-rukmini","Krishna Kidnaps Rukmini","Krishna Book","53","Complete Krishna Book Chapter 53","This source-bounded episode follows Krishna Kidnaps Rukmini and presents its central turning point with child-safe clarity, chronological fidelity, and a devotional focus.","central event of Chapter 53|chronological source boundary|devotional lesson","full source quotation|material from Chapter 52|material from Chapter 54","Opening of Krishna Book Chapter 53","Conclusion of Krishna Book Chapter 53","6-12","gentle child adaptation required","Krishna's protection wisdom and loving relationships","STORY_MAP","bedtime_story","true"
"057","krishna-defeats-all-the-princes-and-takes-rukmini-home-to-dvaraka","Krishna Defeats All the Princes and Takes Rukmini Home to Dvaraka","Krishna Book","54","Complete Krishna Book Chapter 54","This source-bounded episode follows Krishna Defeats All the Princes and Takes Rukmini Home to Dvaraka and presents its central turning point with child-safe clarity, chronological fidelity, and a devotional focus.","central event of Chapter 54|chronological source boundary|devotional lesson","full source quotation|material from Chapter 53|material from Chapter 55","Opening of Krishna Book Chapter 54","Conclusion of Krishna Book Chapter 54","6-12","standard","Krishna's protection wisdom and loving relationships","FAMILY_MISSION","bedtime_story","true"
"058","pradyumna-born-to-krishna-and-rukmini","Pradyumna Born to Krishna and Rukmini","Krishna Book","55","Complete Krishna Book Chapter 55","This source-bounded episode follows Pradyumna Born to Krishna and Rukmini and presents its central turning point with child-safe clarity, chronological fidelity, and a devotional focus.","central event of Chapter 55|chronological source boundary|devotional lesson","full source quotation|material from Chapter 54|material from Chapter 56","Opening of Krishna Book Chapter 55","Conclusion of Krishna Book Chapter 55","6-12","standard","Krishna's protection wisdom and loving relationships","DRAW_AND_REFLECT","bedtime_story","true"
"059","the-story-of-the-syamantaka-jewel","The Story of the Syamantaka Jewel","Krishna Book","56","Complete Krishna Book Chapter 56","This source-bounded episode follows The Story of the Syamantaka Jewel and presents its central turning point with child-safe clarity, chronological fidelity, and a devotional focus.","central event of Chapter 56|chronological source boundary|devotional lesson","full source quotation|material from Chapter 55|material from Chapter 57","Opening of Krishna Book Chapter 56","Conclusion of Krishna Book Chapter 56","6-12","standard","Krishna's protection wisdom and loving relationships","STORY_SEQUENCE","bedtime_story","true"
"060","krishna-protects-everyone-from-satrajit-and-satadhanva","Krishna Protects Everyone from Satrajit and Satadhanva","Krishna Book","57","Complete Krishna Book Chapter 57","This source-bounded episode follows The Killing of Satrajit and Satadhanva and presents its central turning point with child-safe clarity, chronological fidelity, and a devotional focus.","central event of Chapter 57|chronological source boundary|devotional lesson","full source quotation|material from Chapter 56|material from Chapter 58","Opening of Krishna Book Chapter 57","Conclusion of Krishna Book Chapter 57","6-12","gentle child adaptation required","Krishna's protection wisdom and loving relationships","MINI_DRAMA","bedtime_story","true"
"061","five-queens-married-by-krishna","Five Queens Married by Krishna","Krishna Book","58","Complete Krishna Book Chapter 58","This source-bounded episode follows Five Queens Married by Krishna and presents its central turning point with child-safe clarity, chronological fidelity, and a devotional focus.","central event of Chapter 58|chronological source boundary|devotional lesson","full source quotation|material from Chapter 57|material from Chapter 59","Opening of Krishna Book Chapter 58","Conclusion of Krishna Book Chapter 58","6-12","standard","Krishna's protection wisdom and loving relationships","MATCHING_GAME","bedtime_story","true"
"062","the-deliverance-of-the-demon-bhaumasura","The Deliverance of the Demon Bhaumasura","Krishna Book","59","Complete Krishna Book Chapter 59","This source-bounded episode follows The Deliverance of the Demon Bhaumasura and presents its central turning point with child-safe clarity, chronological fidelity, and a devotional focus.","central event of Chapter 59|chronological source boundary|devotional lesson","full source quotation|material from Chapter 58|material from Chapter 60","Opening of Krishna Book Chapter 59","Conclusion of Krishna Book Chapter 59","6-12","gentle child adaptation required","Krishna's protection wisdom and loving relationships","STORY_MAP","bedtime_story","true"
"063","talks-between-krishna-and-rukmini","Talks Between Krishna and Rukmini","Krishna Book","60","Complete Krishna Book Chapter 60","This source-bounded episode follows Talks Between Krishna and Rukmini and presents its central turning point with child-safe clarity, chronological fidelity, and a devotional focus.","central event of Chapter 60|chronological source boundary|devotional lesson","full source quotation|material from Chapter 59|material from Chapter 61","Opening of Krishna Book Chapter 60","Conclusion of Krishna Book Chapter 60","6-12","standard","Krishna's protection wisdom and loving relationships","FAMILY_MISSION","bedtime_story","true"
"064","the-genealogy-of-the-family-of-krishna","The Genealogy of the Family of Krishna","Krishna Book","61","Complete Krishna Book Chapter 61","This source-bounded episode follows The Genealogy of the Family of Krishna and presents its central turning point with child-safe clarity, chronological fidelity, and a devotional focus.","central event of Chapter 61|chronological source boundary|devotional lesson","full source quotation|material from Chapter 60|material from Chapter 62","Opening of Krishna Book Chapter 61","Conclusion of Krishna Book Chapter 61","6-12","standard","Krishna's protection wisdom and loving relationships","DRAW_AND_REFLECT","bedtime_story","true"
"065","the-meeting-of-usa-and-aniruddha","The Meeting of Usa and Aniruddha","Krishna Book","62","Complete Krishna Book Chapter 62","This source-bounded episode follows The Meeting of Usa and Aniruddha and presents its central turning point with child-safe clarity, chronological fidelity, and a devotional focus.","central event of Chapter 62|chronological source boundary|devotional lesson","full source quotation|material from Chapter 61|material from Chapter 63","Opening of Krishna Book Chapter 62","Conclusion of Krishna Book Chapter 62","6-12","standard","Krishna's protection wisdom and loving relationships","STORY_SEQUENCE","bedtime_story","true"
"066","lord-krishna-fights-with-banasura","Lord Krishna Fights with Banasura","Krishna Book","63","Complete Krishna Book Chapter 63","This source-bounded episode follows Lord Krishna Fights with Banasura and presents its central turning point with child-safe clarity, chronological fidelity, and a devotional focus.","central event of Chapter 63|chronological source boundary|devotional lesson","full source quotation|material from Chapter 62|material from Chapter 64","Opening of Krishna Book Chapter 63","Conclusion of Krishna Book Chapter 63","6-12","standard","Krishna's protection wisdom and loving relationships","MINI_DRAMA","bedtime_story","true"
"067","the-story-of-king-nrga","The Story of King Nrga","Krishna Book","64","Complete Krishna Book Chapter 64","This source-bounded episode follows The Story of King Nrga and presents its central turning point with child-safe clarity, chronological fidelity, and a devotional focus.","central event of Chapter 64|chronological source boundary|devotional lesson","full source quotation|material from Chapter 63|material from Chapter 65","Opening of Krishna Book Chapter 64","Conclusion of Krishna Book Chapter 64","6-12","standard","Krishna's protection wisdom and loving relationships","MATCHING_GAME","bedtime_story","true"
"068","lord-balarama-visits-vrindavana","Lord Balarama Visits Vrindavana","Krishna Book","65","Complete Krishna Book Chapter 65","This source-bounded episode follows Lord Balarama Visits Vrindavana and presents its central turning point with child-safe clarity, chronological fidelity, and a devotional focus.","central event of Chapter 65|chronological source boundary|devotional lesson","full source quotation|material from Chapter 64|material from Chapter 66","Opening of Krishna Book Chapter 65","Conclusion of Krishna Book Chapter 65","6-12","standard","Krishna's protection wisdom and loving relationships","STORY_MAP","bedtime_story","true"
"069","the-deliverance-of-paundraka-and-the-king-of-kasi","The Deliverance of Paundraka and the King of Kasi","Krishna Book","66","Complete Krishna Book Chapter 66","This source-bounded episode follows The Deliverance of Paundraka and the King of Kasi and presents its central turning point with child-safe clarity, chronological fidelity, and a devotional focus.","central event of Chapter 66|chronological source boundary|devotional lesson","full source quotation|material from Chapter 65|material from Chapter 67","Opening of Krishna Book Chapter 66","Conclusion of Krishna Book Chapter 66","6-12","standard","Krishna's protection wisdom and loving relationships","FAMILY_MISSION","bedtime_story","true"
"070","the-deliverance-of-dvivida-gorilla","The Deliverance of Dvivida Gorilla","Krishna Book","67","Complete Krishna Book Chapter 67","This source-bounded episode follows The Deliverance of Dvivida Gorilla and presents its central turning point with child-safe clarity, chronological fidelity, and a devotional focus.","central event of Chapter 67|chronological source boundary|devotional lesson","full source quotation|material from Chapter 66|material from Chapter 68","Opening of Krishna Book Chapter 67","Conclusion of Krishna Book Chapter 67","6-12","standard","Krishna's protection wisdom and loving relationships","DRAW_AND_REFLECT","bedtime_story","true"
"071","the-marriage-of-samba","The Marriage of Samba","Krishna Book","68","Complete Krishna Book Chapter 68","This source-bounded episode follows The Marriage of Samba and presents its central turning point with child-safe clarity, chronological fidelity, and a devotional focus.","central event of Chapter 68|chronological source boundary|devotional lesson","full source quotation|material from Chapter 67|material from Chapter 69","Opening of Krishna Book Chapter 68","Conclusion of Krishna Book Chapter 68","6-12","standard","Krishna's protection wisdom and loving relationships","STORY_SEQUENCE","bedtime_story","true"
"072","the-great-sage-narada-visits-the-different-homes-of-lord-krishna","The Great Sage Narada Visits the Different Homes of Lord Krishna","Krishna Book","69","Complete Krishna Book Chapter 69","This source-bounded episode follows The Great Sage Narada Visits the Different Homes of Lord Krishna and presents its central turning point with child-safe clarity, chronological fidelity, and a devotional focus.","central event of Chapter 69|chronological source boundary|devotional lesson","full source quotation|material from Chapter 68|material from Chapter 70","Opening of Krishna Book Chapter 69","Conclusion of Krishna Book Chapter 69","6-12","standard","Krishna's protection wisdom and loving relationships","MINI_DRAMA","bedtime_story","true"
"073","lord-krishna-s-daily-activities","Lord Krishna's Daily Activities","Krishna Book","70","Complete Krishna Book Chapter 70","This source-bounded episode follows Lord Krishna's Daily Activities and presents its central turning point with child-safe clarity, chronological fidelity, and a devotional focus.","central event of Chapter 70|chronological source boundary|devotional lesson","full source quotation|material from Chapter 69|material from Chapter 71","Opening of Krishna Book Chapter 70","Conclusion of Krishna Book Chapter 70","6-12","standard","Krishna's protection wisdom and loving relationships","MATCHING_GAME","bedtime_story","true"
"074","lord-krishna-in-indraprastha-city","Lord Krishna in Indraprastha City","Krishna Book","71","Complete Krishna Book Chapter 71","This source-bounded episode follows Lord Krishna in Indraprastha City and presents its central turning point with child-safe clarity, chronological fidelity, and a devotional focus.","central event of Chapter 71|chronological source boundary|devotional lesson","full source quotation|material from Chapter 70|material from Chapter 72","Opening of Krishna Book Chapter 71","Conclusion of Krishna Book Chapter 71","6-12","standard","Krishna's protection wisdom and loving relationships","STORY_MAP","bedtime_story","true"
"075","the-liberation-of-king-jarasandha","The Liberation of King Jarasandha","Krishna Book","72","Complete Krishna Book Chapter 72","This source-bounded episode follows The Liberation of King Jarasandha and presents its central turning point with child-safe clarity, chronological fidelity, and a devotional focus.","central event of Chapter 72|chronological source boundary|devotional lesson","full source quotation|material from Chapter 71|material from Chapter 73","Opening of Krishna Book Chapter 72","Conclusion of Krishna Book Chapter 72","6-12","gentle child adaptation required","Krishna's protection wisdom and loving relationships","FAMILY_MISSION","bedtime_story","true"
"076","lord-krishna-returns-to-the-city-of-hastinapura","Lord Krishna Returns to the City of Hastinapura","Krishna Book","73","Complete Krishna Book Chapter 73","This source-bounded episode follows Lord Krishna Returns to the City of Hastinapura and presents its central turning point with child-safe clarity, chronological fidelity, and a devotional focus.","central event of Chapter 73|chronological source boundary|devotional lesson","full source quotation|material from Chapter 72|material from Chapter 74","Opening of Krishna Book Chapter 73","Conclusion of Krishna Book Chapter 73","6-12","standard","Krishna's protection wisdom and loving relationships","DRAW_AND_REFLECT","bedtime_story","true"
"077","the-deliverance-of-sisupala","The Deliverance of Sisupala","Krishna Book","74","Complete Krishna Book Chapter 74","This source-bounded episode follows The Deliverance of Sisupala and presents its central turning point with child-safe clarity, chronological fidelity, and a devotional focus.","central event of Chapter 74|chronological source boundary|devotional lesson","full source quotation|material from Chapter 73|material from Chapter 75","Opening of Krishna Book Chapter 74","Conclusion of Krishna Book Chapter 74","6-12","standard","Krishna's protection wisdom and loving relationships","STORY_SEQUENCE","bedtime_story","true"
"078","why-duryodhana-felt-insulted-at-the-end-of-the-rajasuya-sacrifice","Why Duryodhana Felt Insulted at the End of the Rajasuya Sacrifice","Krishna Book","75","Complete Krishna Book Chapter 75","This source-bounded episode follows Why Duryodhana Felt Insulted at the End of the Rajasuya Sacrifice and presents its central turning point with child-safe clarity, chronological fidelity, and a devotional focus.","central event of Chapter 75|chronological source boundary|devotional lesson","full source quotation|material from Chapter 74|material from Chapter 76","Opening of Krishna Book Chapter 75","Conclusion of Krishna Book Chapter 75","6-12","gentle child adaptation required","Krishna's protection wisdom and loving relationships","MINI_DRAMA","bedtime_story","true"
"079","the-battle-between-salva-and-members-of-the-yadu-dynasty","The Battle Between Salva and Members of the Yadu Dynasty","Krishna Book","76","Complete Krishna Book Chapter 76","This source-bounded episode follows The Battle Between Salva and Members of the Yadu Dynasty and presents its central turning point with child-safe clarity, chronological fidelity, and a devotional focus.","central event of Chapter 76|chronological source boundary|devotional lesson","full source quotation|material from Chapter 75|material from Chapter 77","Opening of Krishna Book Chapter 76","Conclusion of Krishna Book Chapter 76","6-12","gentle child adaptation required","Krishna's protection wisdom and loving relationships","MATCHING_GAME","bedtime_story","true"
"080","the-deliverance-of-salva","The Deliverance of Salva","Krishna Book","77","Complete Krishna Book Chapter 77","This source-bounded episode follows The Deliverance of Salva and presents its central turning point with child-safe clarity, chronological fidelity, and a devotional focus.","central event of Chapter 77|chronological source boundary|devotional lesson","full source quotation|material from Chapter 76|material from Chapter 78","Opening of Krishna Book Chapter 77","Conclusion of Krishna Book Chapter 77","6-12","standard","Krishna's protection wisdom and loving relationships","STORY_MAP","bedtime_story","true"
"081","krishna-protects-everyone-from-dantavakra-viduratha-and-romaharsana","Krishna Protects Everyone from Dantavakra, Viduratha and Romaharsana","Krishna Book","78","Complete Krishna Book Chapter 78","This source-bounded episode follows The Killing of Dantavakra, Viduratha and Romaharsana and presents its central turning point with child-safe clarity, chronological fidelity, and a devotional focus.","central event of Chapter 78|chronological source boundary|devotional lesson","full source quotation|material from Chapter 77|material from Chapter 79","Opening of Krishna Book Chapter 78","Conclusion of Krishna Book Chapter 78","6-12","gentle child adaptation required","Krishna's protection wisdom and loving relationships","FAMILY_MISSION","bedtime_story","true"
"082","the-liberation-of-balvala-and-lord-balarama-s-touring-the-sacred-place","The Liberation of Balvala, and Lord Balarama's Touring the Sacred Places","Krishna Book","79","Complete Krishna Book Chapter 79","This source-bounded episode follows The Liberation of Balvala, and Lord Balarama's Touring the Sacred Places and presents its central turning point with child-safe clarity, chronological fidelity, and a devotional focus.","central event of Chapter 79|chronological source boundary|devotional lesson","full source quotation|material from Chapter 78|material from Chapter 80","Opening of Krishna Book Chapter 79","Conclusion of Krishna Book Chapter 79","6-12","standard","Krishna's protection wisdom and loving relationships","DRAW_AND_REFLECT","bedtime_story","true"
"083","the-meeting-of-lord-krishna-with-sudama-brahmana","The Meeting of Lord Krishna with Sudama Brahmana","Krishna Book","80","Complete Krishna Book Chapter 80","This source-bounded episode follows The Meeting of Lord Krishna with Sudama Brahmana and presents its central turning point with child-safe clarity, chronological fidelity, and a devotional focus.","central event of Chapter 80|chronological source boundary|devotional lesson","full source quotation|material from Chapter 79|material from Chapter 81","Opening of Krishna Book Chapter 80","Conclusion of Krishna Book Chapter 80","6-12","standard","Krishna's protection wisdom and loving relationships","STORY_SEQUENCE","bedtime_story","true"
"084","the-brahmana-sudama-blessed-by-lord-krishna","The Brahmana Sudama Blessed by Lord Krishna","Krishna Book","81","Complete Krishna Book Chapter 81","This source-bounded episode follows The Brahmana Sudama Blessed by Lord Krishna and presents its central turning point with child-safe clarity, chronological fidelity, and a devotional focus.","central event of Chapter 81|chronological source boundary|devotional lesson","full source quotation|material from Chapter 80|material from Chapter 82","Opening of Krishna Book Chapter 81","Conclusion of Krishna Book Chapter 81","6-12","standard","Krishna's protection wisdom and loving relationships","MINI_DRAMA","bedtime_story","true"
"085","lord-krishna-and-balarama-meet-the-inhabitants-of-vrindavana","Lord Krishna and Balarama Meet the Inhabitants of Vrindavana","Krishna Book","82","Complete Krishna Book Chapter 82","This source-bounded episode follows Lord Krishna and Balarama Meet the Inhabitants of Vrindavana and presents its central turning point with child-safe clarity, chronological fidelity, and a devotional focus.","central event of Chapter 82|chronological source boundary|devotional lesson","full source quotation|material from Chapter 81|material from Chapter 83","Opening of Krishna Book Chapter 82","Conclusion of Krishna Book Chapter 82","6-12","standard","Krishna's protection wisdom and loving relationships","MATCHING_GAME","bedtime_story","true"
"086","draupadi-meets-the-queens-of-krishna","Draupadi Meets the Queens of Krishna","Krishna Book","83","Complete Krishna Book Chapter 83","This source-bounded episode follows Draupadi Meets the Queens of Krishna and presents its central turning point with child-safe clarity, chronological fidelity, and a devotional focus.","central event of Chapter 83|chronological source boundary|devotional lesson","full source quotation|material from Chapter 82|material from Chapter 84","Opening of Krishna Book Chapter 83","Conclusion of Krishna Book Chapter 83","6-12","standard","Krishna's protection wisdom and loving relationships","STORY_MAP","bedtime_story","true"
"087","sacrificial-ceremonies-performed-by-vasudeva","Sacrificial Ceremonies Performed by Vasudeva","Krishna Book","84","Complete Krishna Book Chapter 84","This source-bounded episode follows Sacrificial Ceremonies Performed by Vasudeva and presents its central turning point with child-safe clarity, chronological fidelity, and a devotional focus.","central event of Chapter 84|chronological source boundary|devotional lesson","full source quotation|material from Chapter 83|material from Chapter 85","Opening of Krishna Book Chapter 84","Conclusion of Krishna Book Chapter 84","6-12","standard","Krishna's protection wisdom and loving relationships","FAMILY_MISSION","bedtime_story","true"
"088","spiritual-instruction-for-vasudeva-and-the-return-of-the-six-sons-of-d","Spiritual Instruction for Vasudeva, and the Return of the Six Sons of Devaki","Krishna Book","85","Complete Krishna Book Chapter 85","This source-bounded episode follows Spiritual Instruction for Vasudeva, and the Return of the Six Sons of Devaki and presents its central turning point with child-safe clarity, chronological fidelity, and a devotional focus.","central event of Chapter 85|chronological source boundary|devotional lesson","full source quotation|material from Chapter 84|material from Chapter 86","Opening of Krishna Book Chapter 85","Conclusion of Krishna Book Chapter 85","6-12","standard","Krishna's protection wisdom and loving relationships","DRAW_AND_REFLECT","bedtime_story","true"
"089","the-kidnapping-of-subhadra-and-lord-krishna-s-visiting-srutadeva-and-b","The Kidnapping of Subhadra, and Lord Krishna's Visiting Srutadeva and Bahulasva","Krishna Book","86","Complete Krishna Book Chapter 86","This source-bounded episode follows The Kidnapping of Subhadra, and Lord Krishna's Visiting Srutadeva and Bahulasva and presents its central turning point with child-safe clarity, chronological fidelity, and a devotional focus.","central event of Chapter 86|chronological source boundary|devotional lesson","full source quotation|material from Chapter 85|material from Chapter 87","Opening of Krishna Book Chapter 86","Conclusion of Krishna Book Chapter 86","6-12","gentle child adaptation required","Krishna's protection wisdom and loving relationships","STORY_SEQUENCE","bedtime_story","true"
"090","prayers-by-the-personified-vedas","Prayers by the Personified Vedas","Krishna Book","87","Complete Krishna Book Chapter 87","This source-bounded episode follows Prayers by the Personified Vedas and presents its central turning point with child-safe clarity, chronological fidelity, and a devotional focus.","central event of Chapter 87|chronological source boundary|devotional lesson","full source quotation|material from Chapter 86|material from Chapter 88","Opening of Krishna Book Chapter 87","Conclusion of Krishna Book Chapter 87","6-12","standard","Krishna's protection wisdom and loving relationships","MINI_DRAMA","bedtime_story","true"
"091","the-deliverance-of-lord-siva","The Deliverance of Lord Siva","Krishna Book","88","Complete Krishna Book Chapter 88","This source-bounded episode follows The Deliverance of Lord Siva and presents its central turning point with child-safe clarity, chronological fidelity, and a devotional focus.","central event of Chapter 88|chronological source boundary|devotional lesson","full source quotation|material from Chapter 87|material from Chapter 89","Opening of Krishna Book Chapter 88","Conclusion of Krishna Book Chapter 88","6-12","standard","Krishna's protection wisdom and loving relationships","MATCHING_GAME","bedtime_story","true"
"092","the-superexcellent-power-of-krishna","The Superexcellent Power of Krishna","Krishna Book","89","Complete Krishna Book Chapter 89","This source-bounded episode follows The Superexcellent Power of Krishna and presents its central turning point with child-safe clarity, chronological fidelity, and a devotional focus.","central event of Chapter 89|chronological source boundary|devotional lesson","full source quotation|material from Chapter 88|material from Chapter 90","Opening of Krishna Book Chapter 89","Conclusion of Krishna Book Chapter 89","6-12","standard","Krishna's protection wisdom and loving relationships","STORY_MAP","bedtime_story","true"
"093","summary-description-of-lord-krishna-s-pastimes","Summary Description of Lord Krishna's Pastimes","Krishna Book","90","Complete Krishna Book Chapter 90","This source-bounded episode follows Summary Description of Lord Krishna's Pastimes and presents its central turning point with child-safe clarity, chronological fidelity, and a devotional focus.","central event of Chapter 90|chronological source boundary|devotional lesson","full source quotation|material from Chapter 89|material from Chapter 91","Opening of Krishna Book Chapter 90","Conclusion of Krishna Book Chapter 90","6-12","standard","Krishna's protection wisdom and loving relationships","FAMILY_MISSION","bedtime_story","true"
